"open_time","open","high","low","close","volume","close_time","quote_asset_volume","trades","taker_buy_base_asset_volume","taker_buyer_quote_volume","symbol"
2017-11-07 23:00:00,0.1,0.15,0.076,0.07652,1963497.33,2017-11-08 02:59:59,192116.158352,885,345384.52,38761.2755042,"RCNBNB"
2017-11-08 03:00:00,0.07652,0.07777,0.07,0.07199,509530.17,2017-11-08 06:59:59,37003.8781495,150,219178.79,16068.517184,"RCNBNB"
2017-11-08 07:00:00,0.07199,0.07746,0.068,0.068,306561.25,2017-11-08 10:59:59,22170.1722688,186,84543.8,6220.9138909,"RCNBNB"
2017-11-08 11:00:00,0.068,0.07081,0.0625,0.07081,335033.79,2017-11-08 14:59:59,21697.3514058,140,96724.86,6187.1330235,"RCNBNB"
2017-11-08 15:00:00,0.07081,0.075,0.06278,0.07149,258407.69,2017-11-08 18:59:59,18432.5778782,81,78431.73,5790.8313894,"RCNBNB"
2017-11-08 19:00:00,0.07149,0.07499,0.069,0.069,456896.85,2017-11-08 22:59:59,32445.2388573,140,108752.55,7900.8512793,"RCNBNB"
2017-11-08 23:00:00,0.069,0.07889,0.06721,0.07204,447732.3,2017-11-09 02:59:59,32315.5577809,188,212721.02,15860.5965437,"RCNBNB"
2017-11-09 03:00:00,0.07204,0.07204,0.0661,0.07167,254797.02,2017-11-09 06:59:59,17583.5516478,127,42881.56,2987.3580474,"RCNBNB"
2017-11-09 07:00:00,0.0701,0.0778,0.06611,0.0667,469023.88,2017-11-09 10:59:59,33165.3316191,167,328790.64,23735.3094945,"RCNBNB"
2017-11-09 11:00:00,0.06623,0.07399,0.0661,0.06964,284195.9,2017-11-09 14:59:59,19796.7442762,102,83892.26,5895.7548866,"RCNBNB"
2017-11-09 15:00:00,0.07,0.0745,0.066,0.0745,127376.74,2017-11-09 18:59:59,8928.5733211,48,76044.24,5498.329215,"RCNBNB"
2017-11-09 19:00:00,0.07111,0.07397,0.06995,0.0735,60791.25,2017-11-09 22:59:59,4371.8882137,39,47251.12,3392.1536117,"RCNBNB"
2017-11-09 23:00:00,0.07389,0.0739,0.06801,0.06999,204212.37,2017-11-10 02:59:59,14409.866559,93,73603.91,5278.7956459,"RCNBNB"
2017-11-10 03:00:00,0.07,0.07369,0.06535,0.07042,595743.85,2017-11-10 06:59:59,41919.1254958,215,465073,32953.4772783,"RCNBNB"
2017-11-10 07:00:00,0.07043,0.07366,0.06952,0.06984,173435.43,2017-11-10 10:59:59,12264.4559619,60,83192.02,5938.6228651,"RCNBNB"
2017-11-10 11:00:00,0.06984,0.076,0.0669,0.076,179958,2017-11-10 14:59:59,12850.9322932,108,108124.74,7870.4698284,"RCNBNB"
2017-11-10 15:00:00,0.076,0.076,0.0668,0.06722,46016.19,2017-11-10 18:59:59,3157.4369526,31,5063.19,370.4296112,"RCNBNB"
2017-11-10 19:00:00,0.06722,0.06788,0.0645,0.06788,106821.81,2017-11-10 22:59:59,7083.1651462,102,8130.98,550.8413424,"RCNBNB"
2017-11-10 23:00:00,0.0697,0.0706,0.06611,0.0701,58811.53,2017-11-11 02:59:59,4047.7505292,27,30810.83,2169.4065097,"RCNBNB"
2017-11-11 03:00:00,0.07049,0.0735,0.068,0.0735,91924.26,2017-11-11 06:59:59,6593.8040299,49,76878.85,5523.9532017,"RCNBNB"
2017-11-11 07:00:00,0.0735,0.0817,0.0729,0.0789,243867.24,2017-11-11 10:59:59,18862.3785815,183,95866.42,7482.7008723,"RCNBNB"
2017-11-11 11:00:00,0.07899,0.079,0.07525,0.07525,21446.02,2017-11-11 14:59:59,1657.3677098,18,11616.02,917.6602098,"RCNBNB"
2017-11-11 15:00:00,0.07528,0.07528,0.07525,0.07526,33993.63,2017-11-11 18:59:59,2558.6909772,24,18010.67,1355.8432376,"RCNBNB"
2017-11-11 19:00:00,0.07526,0.0758,0.06841,0.0753,514610.18,2017-11-11 22:59:59,37246.7233994,133,141285.81,9904.541395,"RCNBNB"
2017-11-11 23:00:00,0.0753,0.0761,0.06423,0.07197,470897.76,2017-11-12 02:59:59,32117.87769,153,243025.99,16276.3667639,"RCNBNB"
2017-11-12 03:00:00,0.072,0.07342,0.06651,0.067,183403.72,2017-11-12 06:59:59,12826.4729757,68,55004,3935.5244324,"RCNBNB"
2017-11-12 07:00:00,0.06653,0.07168,0.06651,0.0696,120017.9,2017-11-12 10:59:59,8148.3106321,96,32118.96,2231.1883075,"RCNBNB"
2017-11-12 11:00:00,0.0688,0.07292,0.0688,0.0693,147566.62,2017-11-12 14:59:59,10442.9937021,247,47861.62,3487.9307258,"RCNBNB"
2017-11-12 15:00:00,0.07186,0.07401,0.0677,0.07001,47233.69,2017-11-12 18:59:59,3358.409442,43,36531.4,2617.109074,"RCNBNB"
2017-11-12 19:00:00,0.07299,0.07299,0.06753,0.06753,111061.76,2017-11-12 22:59:59,7590.0430811,45,22230.69,1553.6326618,"RCNBNB"
2017-11-12 23:00:00,0.06753,0.0729,0.06698,0.0729,46123.34,2017-11-13 02:59:59,3185.0125299,46,20605.68,1423.8344266,"RCNBNB"
2017-11-13 03:00:00,0.07201,0.07201,0.06871,0.0691,80565.81,2017-11-13 06:59:59,5662.154892,115,4873.06,349.4773004,"RCNBNB"
2017-11-13 07:00:00,0.0691,0.07189,0.068,0.068,141426.96,2017-11-13 10:59:59,9884.0271164,115,8152.37,579.6510368,"RCNBNB"
2017-11-13 11:00:00,0.07085,0.0719,0.06802,0.06802,50485.75,2017-11-13 14:59:59,3485.3891236,28,11372.76,811.8277196,"RCNBNB"
2017-11-13 15:00:00,0.06803,0.07179,0.06803,0.07179,10449.06,2017-11-13 18:59:59,749.1402111,6,9000,646.11,"RCNBNB"
2017-11-13 19:00:00,0.071,0.07289,0.06801,0.07289,162387.98,2017-11-13 22:59:59,11168.6512501,137,58254.7,4045.0687672,"RCNBNB"
2017-11-13 23:00:00,0.07285,0.08,0.07147,0.07557,199083.22,2017-11-14 02:59:59,15495.1011726,175,55249.69,4233.8557745,"RCNBNB"
2017-11-14 03:00:00,0.07998,0.08199,0.0743,0.07725,44415.36,2017-11-14 06:59:59,3471.2460848,54,26853.72,2132.0848299,"RCNBNB"
2017-11-14 07:00:00,0.07777,0.08515,0.07413,0.08379,194372.13,2017-11-14 10:59:59,15704.8822683,78,74850.15,6082.421689,"RCNBNB"
2017-11-14 11:00:00,0.08056,0.08379,0.0791,0.08379,36372.77,2017-11-14 14:59:59,2972.1234401,29,10824.32,903.5575498,"RCNBNB"
2017-11-14 15:00:00,0.08379,0.087,0.0818,0.0818,26851.03,2017-11-14 18:59:59,2268.8263679,33,16943,1432.6333309,"RCNBNB"
2017-11-14 19:00:00,0.08181,0.08181,0.0785,0.0785,29089.38,2017-11-14 22:59:59,2324.3294249,18,5258.54,418.311343,"RCNBNB"
2017-11-14 23:00:00,0.0789,0.083,0.078,0.082,353422.07,2017-11-15 02:59:59,28992.4205412,160,58088.38,4790.5212186,"RCNBNB"
2017-11-15 03:00:00,0.082,0.084,0.07811,0.08202,510257.98,2017-11-15 06:59:59,41686.5327125,230,35836.56,2962.022572,"RCNBNB"
2017-11-15 07:00:00,0.08202,0.083,0.078,0.082,520872.66,2017-11-15 10:59:59,42713.7652656,122,2136.09,175.91557,"RCNBNB"
2017-11-15 11:00:00,0.082,0.082,0.07872,0.07872,19631.35,2017-11-15 14:59:59,1570.7902387,24,1029.83,83.41034,"RCNBNB"
2017-11-15 15:00:00,0.082,0.0845,0.082,0.0845,42666.79,2017-11-15 18:59:59,3577.3514745,35,41333.89,3465.3765655,"RCNBNB"
2017-11-15 19:00:00,0.0845,0.0845,0.07271,0.0728,81623.38,2017-11-15 22:59:59,6258.1739105,77,4388.88,370.86036,"RCNBNB"
2017-11-15 23:00:00,0.07586,0.07587,0.07274,0.07291,67083,2017-11-16 02:59:59,4897.6505649,24,3387.94,253.7082478,"RCNBNB"
2017-11-16 03:00:00,0.07291,0.07648,0.07131,0.07131,268766.2,2017-11-16 06:59:59,19478.7185366,95,2661.33,198.4638047,"RCNBNB"
2017-11-16 07:00:00,0.07131,0.07422,0.07,0.07003,220048.58,2017-11-16 10:59:59,16046.3575479,57,16684.67,1227.2933972,"RCNBNB"
2017-11-16 11:00:00,0.07033,0.07469,0.07018,0.07018,32731.08,2017-11-16 14:59:59,2312.4104355,17,40,2.9876,"RCNBNB"
2017-11-16 15:00:00,0.0734,0.0734,0.06669,0.06888,59000.65,2017-11-16 18:59:59,4069.2405554,74,4810.65,341.6004722,"RCNBNB"
2017-11-16 19:00:00,0.06888,0.06888,0.065,0.0671,136434.73,2017-11-16 22:59:59,9140.7198244,66,1804.6,123.8870894,"RCNBNB"
2017-11-16 23:00:00,0.0671,0.06888,0.0631,0.06351,232328.96,2017-11-17 02:59:59,15133.0141122,68,727.41,50.0867508,"RCNBNB"
2017-11-17 03:00:00,0.06351,0.06352,0.0578,0.063,636359.44,2017-11-17 06:59:59,39459.7862838,182,22173.84,1387.32693,"RCNBNB"
2017-11-17 07:00:00,0.06227,0.06396,0.061,0.06369,19158.6,2017-11-17 10:59:59,1182.6182622,28,1082.82,68.774878,"RCNBNB"
2017-11-17 11:00:00,0.06326,0.06326,0.061,0.06325,190632.43,2017-11-17 14:59:59,11753.5086918,39,5329.58,337.079935,"RCNBNB"
2017-11-17 15:00:00,0.06325,0.06887,0.06325,0.06887,63024.86,2017-11-17 18:59:59,4042.220645,13,62019.97,3978.6613525,"RCNBNB"
2017-11-17 19:00:00,0.068,0.068,0.06161,0.06165,114302.46,2017-11-17 22:59:59,7203.5982961,60,1149,77.51425,"RCNBNB"
2017-11-17 23:00:00,0.06226,0.06747,0.06226,0.06747,49633.22,2017-11-18 02:59:59,3117.8927703,38,4572.02,296.6989094,"RCNBNB"
2017-11-18 03:00:00,0.06625,0.06747,0.0645,0.06593,22067.35,2017-11-18 06:59:59,1445.861155,26,70,4.64785,"RCNBNB"
2017-11-18 07:00:00,0.06661,0.06746,0.06399,0.06399,28343.51,2017-11-18 10:59:59,1871.3867131,29,7840.71,526.329372,"RCNBNB"
2017-11-18 11:00:00,0.0625,0.06516,0.0625,0.064,84479.22,2017-11-18 14:59:59,5414.3995211,51,19116.69,1221.5429036,"RCNBNB"
2017-11-18 15:00:00,0.064,0.064,0.06088,0.06088,32984.75,2017-11-18 18:59:59,2027.0570164,35,2757,172.53632,"RCNBNB"
2017-11-18 19:00:00,0.06088,0.062,0.0571,0.062,133001.15,2017-11-18 22:59:59,7966.453836,97,2380.94,145.0032944,"RCNBNB"
2017-11-18 23:00:00,0.06075,0.062,0.05501,0.05501,68098.9,2017-11-19 02:59:59,4006.3030437,64,10338.63,620.2911767,"RCNBNB"
2017-11-19 03:00:00,0.05555,0.0587,0.05501,0.05501,175686.83,2017-11-19 06:59:59,9801.499529,47,3190.52,186.552614,"RCNBNB"
2017-11-19 07:00:00,0.05632,0.06386,0.05631,0.06386,20365.67,2017-11-19 10:59:59,1170.3062978,64,12905.67,743.7896978,"RCNBNB"
2017-11-19 11:00:00,0.06322,0.064,0.05956,0.06015,73792.67,2017-11-19 14:59:59,4717.9932123,33,72363.66,4631.0881594,"RCNBNB"
2017-11-19 15:00:00,0.06015,0.06015,0.05727,0.05969,13829.4,2017-11-19 18:59:59,796.9117264,20,1918.16,114.3852788,"RCNBNB"
2017-11-19 19:00:00,0.05879,0.06289,0.05879,0.06159,13317.9,2017-11-19 22:59:59,793.0379562,14,10839.07,639.8272253,"RCNBNB"
2017-11-19 23:00:00,0.06159,0.06159,0.05899,0.05972,46177.17,2017-11-20 02:59:59,2756.0280447,55,1618.58,97.7540341,"RCNBNB"
2017-11-20 03:00:00,0.06033,0.07,0.06033,0.06734,269704.92,2017-11-20 06:59:59,17976.9022363,247,161528.55,10809.1138955,"RCNBNB"
2017-11-20 07:00:00,0.06666,0.06734,0.06221,0.06361,87287.01,2017-11-20 10:59:59,5618.623643,84,19198.84,1233.9882613,"RCNBNB"
2017-11-20 11:00:00,0.06361,0.06596,0.06361,0.06442,3974.8,2017-11-20 14:59:59,258.4441872,25,1498.08,97.62192,"RCNBNB"
2017-11-20 15:00:00,0.06529,0.06562,0.06159,0.06189,33225.58,2017-11-20 18:59:59,2074.8590147,48,1153.63,75.1196379,"RCNBNB"
2017-11-20 19:00:00,0.06219,0.0644,0.06077,0.061,42359.36,2017-11-20 22:59:59,2608.0937626,86,3376.23,213.6572737,"RCNBNB"
2017-11-20 23:00:00,0.0617,0.06419,0.05966,0.06139,70142.67,2017-11-21 02:59:59,4234.7549162,76,29710.74,1790.1976477,"RCNBNB"
2017-11-21 03:00:00,0.0614,0.0634,0.05983,0.06201,111557.8,2017-11-21 06:59:59,6795.072389,82,43728.79,2694.1124234,"RCNBNB"
2017-11-21 07:00:00,0.062,0.06462,0.061,0.06304,122780.66,2017-11-21 10:59:59,7699.729213,69,15020.39,936.0749059,"RCNBNB"
2017-11-21 11:00:00,0.06201,0.06528,0.06101,0.06101,40283.83,2017-11-21 14:59:59,2490.0475024,22,8081.83,521.7312824,"RCNBNB"
2017-11-21 15:00:00,0.06101,0.0633,0.06,0.06,64790.72,2017-11-21 18:59:59,3905.6627509,23,2219.48,140.384056,"RCNBNB"
2017-11-21 19:00:00,0.06,0.06324,0.056,0.0603,270361.44,2017-11-21 22:59:59,16039.1887991,77,28169.48,1740.5268711,"RCNBNB"
2017-11-21 23:00:00,0.05956,0.066,0.05889,0.066,160005.05,2017-11-22 02:59:59,10032.9136339,104,78382.1,4955.5207928,"RCNBNB"
2017-11-22 03:00:00,0.0663,0.07338,0.06249,0.06705,321746.96,2017-11-22 06:59:59,21943.4190177,129,170801.86,11805.2094245,"RCNBNB"
2017-11-22 07:00:00,0.06705,0.06777,0.06373,0.06691,38174.22,2017-11-22 10:59:59,2527.3554024,58,7468.09,488.4488519,"RCNBNB"
2017-11-22 11:00:00,0.0676,0.06915,0.06609,0.06845,293366.23,2017-11-22 14:59:59,20113.8371256,199,118314.99,8091.6053023,"RCNBNB"
2017-11-22 15:00:00,0.06845,0.07107,0.06655,0.07092,277527.42,2017-11-22 18:59:59,19273.7177934,283,141182.31,9842.7223674,"RCNBNB"
2017-11-22 19:00:00,0.07083,0.078,0.06981,0.07132,255250.61,2017-11-22 22:59:59,18567.3034249,295,115526.49,8451.9287227,"RCNBNB"
2017-11-22 23:00:00,0.07078,0.07975,0.07078,0.07517,204355.14,2017-11-23 02:59:59,15190.5729099,193,132515.99,9874.0560886,"RCNBNB"
2017-11-23 03:00:00,0.07517,0.07764,0.06925,0.07096,154305.13,2017-11-23 06:59:59,11553.4540345,208,52600.83,3994.26427,"RCNBNB"
2017-11-23 07:00:00,0.07051,0.07217,0.06851,0.07036,86275.08,2017-11-23 10:59:59,6095.6609133,115,35037.49,2472.4747997,"RCNBNB"
2017-11-23 11:00:00,0.07035,0.07345,0.0685,0.07345,104450.74,2017-11-23 14:59:59,7299.1433662,114,31780.74,2236.8371662,"RCNBNB"
2017-11-23 15:00:00,0.07295,0.07295,0.067,0.06986,70261.38,2017-11-23 18:59:59,4920.3693824,108,223.32,15.7846188,"RCNBNB"
2017-11-23 19:00:00,0.06963,0.07146,0.06483,0.06636,122164.81,2017-11-23 22:59:59,8195.3393842,143,71736.22,4874.1119415,"RCNBNB"
2017-11-23 23:00:00,0.06649,0.06649,0.06125,0.06228,152983.6,2017-11-24 02:59:59,9710.9672501,150,13542.05,849.887638,"RCNBNB"
2017-11-24 03:00:00,0.06246,0.06602,0.05816,0.0614,190548.34,2017-11-24 06:59:59,11690.9258711,266,44044.13,2724.962506,"RCNBNB"
2017-11-24 07:00:00,0.06042,0.06347,0.05997,0.06085,96116.17,2017-11-24 10:59:59,5955.2598377,160,47829.91,2992.2936033,"RCNBNB"
2017-11-24 11:00:00,0.06185,0.06516,0.06151,0.06504,43532.78,2017-11-24 14:59:59,2722.7779709,108,30593.69,1923.1666554,"RCNBNB"
2017-11-24 15:00:00,0.06419,0.0685,0.05996,0.06559,90128.51,2017-11-24 18:59:59,5783.0484876,254,39232.58,2600.6516488,"RCNBNB"
2017-11-24 19:00:00,0.06565,0.06814,0.06277,0.0631,38235.89,2017-11-24 22:59:59,2509.9152835,205,22520.08,1481.9788631,"RCNBNB"
2017-11-24 23:00:00,0.0634,0.0685,0.06108,0.06833,263837.3,2017-11-25 02:59:59,16563.9499385,228,61890.74,4014.6840046,"RCNBNB"
2017-11-25 03:00:00,0.06779,0.07125,0.06468,0.068,155372.69,2017-11-25 06:59:59,10697.5114061,207,114238.05,7886.1815489,"RCNBNB"
2017-11-25 07:00:00,0.0681,0.08399,0.0681,0.08191,916700.74,2017-11-25 10:59:59,73557.4740502,540,801285.47,64323.6356226,"RCNBNB"
2017-11-25 11:00:00,0.08191,0.0839,0.0763,0.08312,202700.48,2017-11-25 14:59:59,15983.0942117,188,46534.83,3768.969763,"RCNBNB"
2017-11-25 15:00:00,0.08311,0.08311,0.07861,0.079,184082.16,2017-11-25 18:59:59,14921.5820567,116,43711.04,3548.6312025,"RCNBNB"
2017-11-25 19:00:00,0.079,0.08174,0.07166,0.07622,141087.27,2017-11-25 22:59:59,10777.0359532,210,26491.56,2061.4517208,"RCNBNB"
2017-11-25 23:00:00,0.07625,0.07758,0.074,0.07679,196774.4,2017-11-26 02:59:59,14964.4624398,215,122911.2,9412.4475434,"RCNBNB"
2017-11-26 03:00:00,0.0764,0.081,0.07309,0.07834,94219.31,2017-11-26 06:59:59,7157.0863835,146,47360.9,3651.8338751,"RCNBNB"
2017-11-26 07:00:00,0.0788,0.0894,0.07732,0.08167,541908.47,2017-11-26 10:59:59,45442.7128782,384,427638,36071.2444508,"RCNBNB"
2017-11-26 11:00:00,0.08167,0.08699,0.07779,0.08699,86353.46,2017-11-26 14:59:59,7193.6968891,210,59717.31,5053.5357568,"RCNBNB"
2017-11-26 15:00:00,0.084,0.08698,0.0806,0.081,102750.95,2017-11-26 18:59:59,8507.1313018,49,21731.66,1807.332142,"RCNBNB"
2017-11-26 19:00:00,0.08142,0.08313,0.079,0.08313,14180.43,2017-11-26 22:59:59,1153.5810625,79,7356.93,606.2167801,"RCNBNB"
2017-11-26 23:00:00,0.0833,0.08443,0.07701,0.0798,149557.42,2017-11-27 02:59:59,11888.6076277,215,59586.49,4738.1665412,"RCNBNB"
2017-11-27 03:00:00,0.07965,0.07994,0.07569,0.07978,37909.29,2017-11-27 06:59:59,2965.5968222,144,7797.98,610.807282,"RCNBNB"
2017-11-27 07:00:00,0.07978,0.08136,0.07852,0.08103,36519.97,2017-11-27 10:59:59,2904.2855005,82,16582.91,1322.0781882,"RCNBNB"
2017-11-27 11:00:00,0.0812,0.08425,0.0812,0.082,26782.51,2017-11-27 14:59:59,2233.2420895,44,11271.17,939.939077,"RCNBNB"
2017-11-27 15:00:00,0.082,0.082,0.0728,0.0728,193137.82,2017-11-27 18:59:59,14825.4125832,116,5173.14,408.785891,"RCNBNB"
2017-11-27 19:00:00,0.07489,0.07801,0.07358,0.07582,4579.14,2017-11-27 22:59:59,354.717998,41,2105.53,163.0862506,"RCNBNB"
2017-11-27 23:00:00,0.07507,0.0772,0.07219,0.07322,124943.31,2017-11-28 02:59:59,9175.3895611,82,20812.01,1559.0978575,"RCNBNB"
2017-11-28 03:00:00,0.07322,0.0772,0.0698,0.07099,100222.59,2017-11-28 06:59:59,7153.9348697,118,15593.01,1132.4705969,"RCNBNB"
2017-11-28 07:00:00,0.07099,0.0732,0.0695,0.0732,124964.87,2017-11-28 10:59:59,8819.8541439,65,64257.12,4547.376858,"RCNBNB"
2017-11-28 11:00:00,0.07247,0.0754,0.071,0.07388,17081.91,2017-11-28 14:59:59,1229.894964,39,3946.95,288.8806596,"RCNBNB"
2017-11-28 15:00:00,0.07463,0.0754,0.06781,0.06781,43524.97,2017-11-28 18:59:59,2983.8250696,51,5178.78,354.02219,"RCNBNB"
2017-11-28 19:00:00,0.06781,0.07169,0.065,0.06597,49063.13,2017-11-28 22:59:59,3248.0135248,80,3467.4,239.687673,"RCNBNB"
2017-11-28 23:00:00,0.06597,0.074,0.06466,0.06466,18685.76,2017-11-29 02:59:59,1317.9975437,69,11259.16,809.0605665,"RCNBNB"
2017-11-29 03:00:00,0.06466,0.06701,0.064,0.06701,19074.83,2017-11-29 06:59:59,1222.798223,38,516.9,33.4675531,"RCNBNB"
2017-11-29 07:00:00,0.06464,0.0677,0.06199,0.065,136236.38,2017-11-29 10:59:59,8617.5716457,141,14359.58,917.4390182,"RCNBNB"
2017-11-29 11:00:00,0.0646,0.06595,0.06018,0.06588,44145.86,2017-11-29 14:59:59,2734.701587,92,10666.57,675.4510653,"RCNBNB"
2017-11-29 15:00:00,0.06434,0.06661,0.05701,0.06224,128226.18,2017-11-29 18:59:59,7704.3135543,183,30310.97,1899.1414637,"RCNBNB"
2017-11-29 19:00:00,0.06285,0.06527,0.0575,0.0575,62634.17,2017-11-29 22:59:59,3727.6964283,96,16046.4,955.3127645,"RCNBNB"
2017-11-29 23:00:00,0.0575,0.05947,0.0542,0.0569,195347.14,2017-11-30 02:59:59,11248.6142345,145,106455.99,6151.2205033,"RCNBNB"
2017-11-30 03:00:00,0.0575,0.05884,0.05471,0.055,25910.36,2017-11-30 06:59:59,1458.4901173,45,1347,78.2129578,"RCNBNB"
2017-11-30 07:00:00,0.0547,0.05954,0.05421,0.05667,66026.26,2017-11-30 10:59:59,3664.8659503,71,50878.79,2809.4579467,"RCNBNB"
2017-11-30 11:00:00,0.05773,0.069,0.05773,0.06595,43119.15,2017-11-30 14:59:59,2670.9029535,78,36462.89,2267.5909835,"RCNBNB"
2017-11-30 15:00:00,0.06543,0.06551,0.0611,0.0655,18301.97,2017-11-30 18:59:59,1171.8064625,60,4983.18,321.1591146,"RCNBNB"
2017-11-30 19:00:00,0.06417,0.06417,0.05785,0.05785,17126.87,2017-11-30 22:59:59,1025.2118386,48,7608.29,460.0414334,"RCNBNB"
2017-11-30 23:00:00,0.05897,0.06073,0.05671,0.05672,7478.81,2017-12-01 02:59:59,442.7144331,46,3439.93,204.2331499,"RCNBNB"
2017-12-01 03:00:00,0.05816,0.05817,0.05675,0.05676,1261,2017-12-01 06:59:59,72.13237,8,991,56.78477,"RCNBNB"
2017-12-01 07:00:00,0.05817,0.06135,0.05541,0.06135,67376.54,2017-12-01 10:59:59,3799.3160302,61,18235.69,1070.854628,"RCNBNB"
2017-12-01 11:00:00,0.06073,0.06198,0.05924,0.06059,9088.2,2017-12-01 14:59:59,548.9834901,42,5388.93,327.0900608,"RCNBNB"
2017-12-01 15:00:00,0.06197,0.06199,0.0596,0.06,9868.75,2017-12-01 18:59:59,597.6211692,29,5900.05,355.2216685,"RCNBNB"
2017-12-01 19:00:00,0.05994,0.06088,0.05871,0.05974,11586.13,2017-12-01 22:59:59,694.3762269,50,4046.87,245.1330056,"RCNBNB"
2017-12-01 23:00:00,0.05933,0.05933,0.05815,0.05892,37418.81,2017-12-02 02:59:59,2182.9923026,38,17065.74,998.898305,"RCNBNB"
2017-12-02 03:00:00,0.05932,0.06331,0.05883,0.05883,19815.02,2017-12-02 06:59:59,1221.7051194,81,16184.09,999.8411979,"RCNBNB"
2017-12-02 07:00:00,0.05883,0.06135,0.05883,0.06135,14777.66,2017-12-02 10:59:59,890.427728,29,6865.7,413.934968,"RCNBNB"
2017-12-02 11:00:00,0.0605,0.06089,0.05977,0.06006,6879,2017-12-02 14:59:59,413.3447666,8,6371,382.70866,"RCNBNB"
2017-12-02 15:00:00,0.06006,0.06135,0.06006,0.06119,4097.45,2017-12-02 18:59:59,250.6202309,13,1769.45,108.1689109,"RCNBNB"
2017-12-02 19:00:00,0.06198,0.06289,0.06197,0.06289,6993.66,2017-12-02 22:59:59,433.7222768,17,4263.66,264.5168768,"RCNBNB"
2017-12-02 23:00:00,0.06289,0.06397,0.06289,0.06289,3209.46,2017-12-03 02:59:59,202.3198294,14,2337.46,147.4797494,"RCNBNB"
2017-12-03 03:00:00,0.06289,0.06462,0.06119,0.06119,4859.55,2017-12-03 06:59:59,303.6682797,28,2004.18,127.1156634,"RCNBNB"
2017-12-03 07:00:00,0.06119,0.06119,0.05414,0.0561,64488.53,2017-12-03 10:59:59,3555.2888829,105,18333.66,1015.3935123,"RCNBNB"
2017-12-03 11:00:00,0.05598,0.05598,0.05415,0.0547,10418.15,2017-12-03 14:59:59,569.5945093,16,80.1,4.458644,"RCNBNB"
2017-12-03 15:00:00,0.0547,0.0561,0.0534,0.0561,24405.88,2017-12-03 18:59:59,1318.5086706,36,4212.5,230.8826046,"RCNBNB"
2017-12-03 19:00:00,0.05549,0.05549,0.05,0.05089,30538.21,2017-12-03 22:59:59,1555.6216135,47,4719.67,241.1276347,"RCNBNB"
2017-12-03 23:00:00,0.05038,0.05166,0.048,0.05166,65700.27,2017-12-04 02:59:59,3231.2464756,38,31249.36,1566.58316,"RCNBNB"
2017-12-04 03:00:00,0.05062,0.05703,0.05062,0.0553,55437.42,2017-12-04 06:59:59,3012.214066,45,29404.27,1612.6473517,"RCNBNB"
2017-12-04 07:00:00,0.0553,0.0562,0.05235,0.05565,58220.42,2017-12-04 10:59:59,3130.6148209,45,27946.33,1483.856888,"RCNBNB"
2017-12-04 11:00:00,0.05696,0.066,0.05565,0.05866,97342.25,2017-12-04 14:59:59,6189.5458676,118,67621.52,4351.1317977,"RCNBNB"
2017-12-04 15:00:00,0.05866,0.0612,0.05635,0.0612,18584.53,2017-12-04 18:59:59,1078.3181354,23,5969.8,356.2047711,"RCNBNB"
2017-12-04 19:00:00,0.05803,0.05861,0.0507,0.053,14678.39,2017-12-04 22:59:59,790.6158554,53,6492.7,344.8671498,"RCNBNB"
2017-12-04 23:00:00,0.053,0.0607,0.053,0.05943,56937.48,2017-12-05 02:59:59,3270.0390054,58,38658.68,2173.3818316,"RCNBNB"
2017-12-05 03:00:00,0.05849,0.05849,0.0558,0.057,12293.07,2017-12-05 06:59:59,701.6360708,30,3581.49,203.67673,"RCNBNB"
2017-12-05 07:00:00,0.0576,0.06001,0.05698,0.05875,38414.01,2017-12-05 10:59:59,2264.8754551,50,34532.02,2042.1739426,"RCNBNB"
2017-12-05 11:00:00,0.05875,0.05939,0.05533,0.05809,25012.57,2017-12-05 14:59:59,1447.2650481,34,3152.61,180.8992325,"RCNBNB"
2017-12-05 15:00:00,0.05809,0.05869,0.05446,0.05446,9407.06,2017-12-05 18:59:59,532.7880419,28,4350.33,250.0727177,"RCNBNB"
2017-12-05 19:00:00,0.05446,0.05543,0.05263,0.05263,4677.01,2017-12-05 22:59:59,250.0334764,26,794.52,43.1258534,"RCNBNB"
2017-12-05 23:00:00,0.05201,0.05324,0.05,0.0531,33458.79,2017-12-06 02:59:59,1709.2473275,46,9208.42,469.5172028,"RCNBNB"
2017-12-06 03:00:00,0.0531,0.06,0.0531,0.0575,108362.9,2017-12-06 06:59:59,6420.6740514,81,19650.23,1114.1280927,"RCNBNB"
2017-12-06 07:00:00,0.05677,0.062,0.05517,0.06196,165277.49,2017-12-06 10:59:59,9655.5574881,81,58919.31,3428.2990964,"RCNBNB"
2017-12-06 11:00:00,0.0585,0.0589,0.05793,0.0589,11451.82,2017-12-06 14:59:59,669.9385268,12,10773.65,630.266129,"RCNBNB"
2017-12-06 15:00:00,0.0589,0.05989,0.04965,0.05132,61096.62,2017-12-06 18:59:59,3200.0755474,94,2037.72,104.2063642,"RCNBNB"
2017-12-06 19:00:00,0.05138,0.05363,0.049,0.05316,43120.67,2017-12-06 22:59:59,2157.3496852,79,31894.74,1596.6932937,"RCNBNB"
2017-12-06 23:00:00,0.05327,0.05779,0.05327,0.05512,10583.8,2017-12-07 02:59:59,592.9693249,54,8210.29,462.1761822,"RCNBNB"
2017-12-07 03:00:00,0.05512,0.0579,0.04701,0.04701,96121.45,2017-12-07 06:59:59,4954.672732,96,23591.83,1273.7817214,"RCNBNB"
2017-12-07 07:00:00,0.04602,0.04998,0.04602,0.04626,36409.46,2017-12-07 10:59:59,1768.5011433,59,10152.48,494.2897993,"RCNBNB"
2017-12-07 11:00:00,0.04747,0.05226,0.04602,0.04995,5240.13,2017-12-07 14:59:59,254.49493,26,4657.24,226.712926,"RCNBNB"
2017-12-07 15:00:00,0.05044,0.05044,0.04408,0.04504,27309.48,2017-12-07 18:59:59,1230.7822132,51,1065.58,47.8559032,"RCNBNB"
2017-12-07 19:00:00,0.04503,0.05004,0.03999,0.04467,13236.88,2017-12-07 22:59:59,598.6891966,57,8309.1,366.8633187,"RCNBNB"
2017-12-07 23:00:00,0.04548,0.04625,0.04281,0.04592,11551.23,2017-12-08 02:59:59,527.4070607,21,1403.12,61.6777992,"RCNBNB"
2017-12-08 03:00:00,0.0469,0.0512,0.0469,0.04956,10621.69,2017-12-08 06:59:59,535.6642125,38,10010.04,505.045931,"RCNBNB"
2017-12-08 07:00:00,0.04956,0.05064,0.0495,0.05064,43410.61,2017-12-08 10:59:59,2149.180061,57,210.57,10.4842091,"RCNBNB"
2017-12-08 11:00:00,0.05,0.05,0.0468,0.04689,5694.89,2017-12-08 14:59:59,269.374262,18,974.8,45.708372,"RCNBNB"
2017-12-08 15:00:00,0.04689,0.04689,0.04689,0.04689,0,2017-12-08 18:59:59,0,0,0,0,"RCNBNB"
2017-12-08 19:00:00,0.047,0.05137,0.047,0.05137,6026.77,2017-12-08 22:59:59,300.0853014,28,5720.48,284.7903698,"RCNBNB"
2017-12-08 23:00:00,0.05137,0.0538,0.05137,0.0538,5233.96,2017-12-09 02:59:59,269.2589759,9,5233.92,269.2569211,"RCNBNB"
2017-12-09 03:00:00,0.05225,0.05283,0.04979,0.05137,53949.56,2017-12-09 06:59:59,2733.5474167,38,18341.24,939.8341412,"RCNBNB"
2017-12-09 07:00:00,0.05142,0.054,0.05139,0.052,21737.02,2017-12-09 10:59:59,1121.997507,82,8637.81,447.3297878,"RCNBNB"
2017-12-09 11:00:00,0.052,0.055,0.05159,0.053,93656.32,2017-12-09 14:59:59,5108.8472236,71,21417.79,1154.5681986,"RCNBNB"
2017-12-09 15:00:00,0.053,0.05301,0.04974,0.04974,9153.83,2017-12-09 18:59:59,458.4300086,26,120.9,6.4078679,"RCNBNB"
2017-12-09 19:00:00,0.04974,0.04974,0.04607,0.04759,2538.62,2017-12-09 22:59:59,118.2393799,18,1535.72,71.8242679,"RCNBNB"
2017-12-09 23:00:00,0.04768,0.04768,0.04555,0.04718,116720.6,2017-12-10 02:59:59,5554.5482551,22,1551.18,73.7509187,"RCNBNB"
2017-12-10 03:00:00,0.04679,0.0479,0.046,0.0479,17389.08,2017-12-10 06:59:59,813.0311492,25,9375.73,444.1590492,"RCNBNB"
2017-12-10 07:00:00,0.04767,0.05263,0.04767,0.04939,12546.91,2017-12-10 10:59:59,626.2784848,71,7507.59,377.2057752,"RCNBNB"
2017-12-10 11:00:00,0.0492,0.04939,0.04524,0.04525,23334.23,2017-12-10 14:59:59,1058.7923886,21,334,15.92912,"RCNBNB"
2017-12-10 15:00:00,0.04706,0.04706,0.04681,0.04698,90,2017-12-10 18:59:59,4.2255,3,60,2.8212,"RCNBNB"
2017-12-10 19:00:00,0.04661,0.04665,0.04499,0.04601,58806.13,2017-12-10 22:59:59,2702.6964318,101,8670.61,397.9864831,"RCNBNB"
2017-12-10 23:00:00,0.0462,0.055,0.04495,0.05299,322233.66,2017-12-11 02:59:59,16572.4775848,179,154305.12,7978.7839812,"RCNBNB"
2017-12-11 03:00:00,0.05196,0.05196,0.04525,0.04763,31068.65,2017-12-11 06:59:59,1478.8659258,54,17698.8,853.4025152,"RCNBNB"
2017-12-11 07:00:00,0.0481,0.0525,0.0472,0.05164,3848.4,2017-12-11 10:59:59,189.08347,47,2548.2,124.9474925,"RCNBNB"
2017-12-11 11:00:00,0.05105,0.0562,0.05088,0.05471,40225.68,2017-12-11 14:59:59,2161.6071358,69,30862.48,1667.8171035,"RCNBNB"
2017-12-11 15:00:00,0.05471,0.0638,0.05202,0.05515,282806.52,2017-12-11 18:59:59,17332.6181808,131,94217.08,5689.3327099,"RCNBNB"
2017-12-11 19:00:00,0.05514,0.05515,0.05051,0.05197,55985.6,2017-12-11 22:59:59,2934.5729655,81,20592.35,1078.2637225,"RCNBNB"
2017-12-11 23:00:00,0.05273,0.05999,0.0526,0.05811,91612.05,2017-12-12 02:59:59,5343.8226487,113,65821.71,3847.1615985,"RCNBNB"
2017-12-12 03:00:00,0.05811,0.05811,0.0543,0.05767,55299.83,2017-12-12 06:59:59,3087.2036669,95,35843.69,2007.8573923,"RCNBNB"
2017-12-12 07:00:00,0.05767,0.05944,0.05327,0.05468,76671.32,2017-12-12 10:59:59,4401.2204754,80,60094.16,3464.2379226,"RCNBNB"
2017-12-12 11:00:00,0.05469,0.05765,0.0508,0.05518,25840.12,2017-12-12 14:59:59,1387.3307536,85,10905.37,590.2555938,"RCNBNB"
2017-12-12 15:00:00,0.0555,0.05832,0.05257,0.05701,20976.63,2017-12-12 18:59:59,1132.6636159,71,8793.97,477.3674923,"RCNBNB"
2017-12-12 19:00:00,0.05702,0.05702,0.0523,0.0541,47362.47,2017-12-12 22:59:59,2552.5149703,68,17104.11,943.5136382,"RCNBNB"
2017-12-12 23:00:00,0.05372,0.05548,0.0508,0.05547,19982.23,2017-12-13 02:59:59,1034.1677823,59,4026.92,212.8677492,"RCNBNB"
2017-12-13 03:00:00,0.05546,0.058,0.05239,0.05331,29855.69,2017-12-13 06:59:59,1639.7478049,94,8502.74,473.7502902,"RCNBNB"
2017-12-13 07:00:00,0.05327,0.05419,0.0508,0.05315,81360.98,2017-12-13 10:59:59,4212.4976637,94,8562.73,450.7259972,"RCNBNB"
2017-12-13 11:00:00,0.05257,0.05437,0.05152,0.05303,3715.58,2017-12-13 14:59:59,196.9124038,28,1636.94,87.0967014,"RCNBNB"
2017-12-13 15:00:00,0.05301,0.05371,0.05177,0.05371,4695.92,2017-12-13 18:59:59,249.7572533,29,3333.08,178.3300165,"RCNBNB"
2017-12-13 19:00:00,0.05366,0.05372,0.04995,0.05061,196771.96,2017-12-13 22:59:59,10142.6681128,194,145688.47,7547.1108038,"RCNBNB"
2017-12-13 23:00:00,0.04995,0.04995,0.0465,0.04781,38715.23,2017-12-14 02:59:59,1871.7575969,58,8892.68,431.1306904,"RCNBNB"
2017-12-14 03:00:00,0.04848,0.05036,0.0465,0.04749,20798.91,2017-12-14 06:59:59,1010.2296788,59,5922.5,290.8548247,"RCNBNB"
2017-12-14 07:00:00,0.04749,0.05555,0.04748,0.05259,23352.19,2017-12-14 10:59:59,1217.9796453,75,11197.43,590.7953388,"RCNBNB"
2017-12-14 11:00:00,0.05107,0.05349,0.0503,0.05031,19278.87,2017-12-14 14:59:59,988.7619351,49,8541.74,438.4961878,"RCNBNB"
2017-12-14 15:00:00,0.05047,0.0538,0.0503,0.053,218868.74,2017-12-14 18:59:59,11591.6001389,122,5447.12,287.2701206,"RCNBNB"
2017-12-14 19:00:00,0.05235,0.053,0.042,0.04549,177999.23,2017-12-14 22:59:59,7802.9710243,143,121451.56,5285.3264803,"RCNBNB"
2017-12-14 23:00:00,0.0455,0.04727,0.04514,0.04514,11094.91,2017-12-15 02:59:59,512.9525287,49,4981.78,231.3013399,"RCNBNB"
2017-12-15 03:00:00,0.0458,0.04801,0.04201,0.04376,26258.69,2017-12-15 06:59:59,1172.906562,57,5712.78,256.2612813,"RCNBNB"
2017-12-15 07:00:00,0.04201,0.04356,0.0396,0.04349,9011.85,2017-12-15 10:59:59,382.9762412,35,2419.25,103.7160222,"RCNBNB"
2017-12-15 11:00:00,0.04347,0.04349,0.03551,0.03564,27939.33,2017-12-15 14:59:59,1091.4268788,46,7462.84,276.1169435,"RCNBNB"
2017-12-15 15:00:00,0.03709,0.0402,0.03566,0.03917,9902.07,2017-12-15 18:59:59,378.6020705,24,8041.5,306.344878,"RCNBNB"
2017-12-15 19:00:00,0.03852,0.04563,0.03742,0.04223,31772.23,2017-12-15 22:59:59,1262.6635953,92,23310.49,929.9405362,"RCNBNB"
2017-12-15 23:00:00,0.04132,0.04193,0.03706,0.0389,37178.46,2017-12-16 02:59:59,1417.2339255,77,9683.98,371.0716745,"RCNBNB"
2017-12-16 03:00:00,0.03889,0.03889,0.03375,0.03602,9369.14,2017-12-16 06:59:59,338.9902227,57,4091.13,146.7308175,"RCNBNB"
2017-12-16 07:00:00,0.03602,0.03774,0.03395,0.03625,5721.09,2017-12-16 10:59:59,205.7161334,40,2189.67,80.1851131,"RCNBNB"
2017-12-16 11:00:00,0.03625,0.03996,0.03623,0.03723,13489.26,2017-12-16 14:59:59,499.7441322,42,6804.89,249.3555143,"RCNBNB"
2017-12-16 15:00:00,0.03754,0.04801,0.03518,0.0446,34047.99,2017-12-16 18:59:59,1401.8729139,168,20531.2,850.0149804,"RCNBNB"
2017-12-16 19:00:00,0.04461,0.0543,0.03858,0.04529,198242.61,2017-12-16 22:59:59,9690.2993468,332,152342.45,7562.806483,"RCNBNB"
2017-12-16 23:00:00,0.04311,0.04513,0.04048,0.04304,16280.34,2017-12-17 02:59:59,687.1516472,129,7596.46,321.831435,"RCNBNB"
2017-12-17 03:00:00,0.04225,0.04225,0.03415,0.03525,84537.47,2017-12-17 06:59:59,3151.3727734,149,43473.9,1554.2905776,"RCNBNB"
2017-12-17 07:00:00,0.03481,0.04121,0.03106,0.03903,157251.44,2017-12-17 10:59:59,5930.6882593,203,43340.76,1593.802328,"RCNBNB"
2017-12-17 11:00:00,0.03836,0.04448,0.03822,0.04009,100320.65,2017-12-17 14:59:59,4159.1979233,168,43290.8,1807.0653428,"RCNBNB"
2017-12-17 15:00:00,0.04001,0.04132,0.03779,0.03779,47135.52,2017-12-17 18:59:59,1848.4335048,80,18028.87,718.7841634,"RCNBNB"
2017-12-17 19:00:00,0.03779,0.0407,0.03693,0.0407,329140.49,2017-12-17 22:59:59,13101.8469338,247,50085.5,1967.1428768,"RCNBNB"
2017-12-17 23:00:00,0.04135,0.04318,0.04048,0.0408,18641.08,2017-12-18 02:59:59,775.0381739,64,6680.7,278.3267384,"RCNBNB"
2017-12-18 03:00:00,0.04104,0.04107,0.03813,0.04107,31269.35,2017-12-18 06:59:59,1251.1962426,85,22683.38,909.7041351,"RCNBNB"
2017-12-18 07:00:00,0.04107,0.0437,0.03992,0.04307,52268.75,2017-12-18 10:59:59,2171.4524417,128,20990.37,879.5917202,"RCNBNB"
2017-12-18 11:00:00,0.04242,0.05099,0.04242,0.04387,109828.58,2017-12-18 14:59:59,5095.8233071,222,49388.93,2337.3885624,"RCNBNB"
2017-12-18 15:00:00,0.04387,0.05397,0.04387,0.04699,191851.93,2017-12-18 18:59:59,9514.3322599,200,23115.92,1117.2640111,"RCNBNB"
2017-12-18 19:00:00,0.04699,0.05279,0.0451,0.04887,88391.65,2017-12-18 22:59:59,4349.9005907,231,38348.61,1891.3164313,"RCNBNB"
2017-12-18 23:00:00,0.04918,0.05117,0.04677,0.04678,58775.82,2017-12-19 02:59:59,2851.1750812,121,44040.17,2128.9464206,"RCNBNB"
2017-12-19 03:00:00,0.04677,0.04799,0.03883,0.0404,200841.4,2017-12-19 06:59:59,8759.0225209,262,121276.54,5360.5751969,"RCNBNB"
2017-12-19 07:00:00,0.04042,0.04986,0.0396,0.0456,160683.89,2017-12-19 10:59:59,7480.7454031,191,79650.52,3811.7249751,"RCNBNB"
2017-12-19 11:00:00,0.04656,0.05102,0.04609,0.04952,47431.34,2017-12-19 14:59:59,2330.8306631,123,7318.45,351.3486111,"RCNBNB"
2017-12-19 15:00:00,0.04821,0.04892,0.0453,0.04587,36910.34,2017-12-19 18:59:59,1708.1391037,109,10113.03,472.6033321,"RCNBNB"
2017-12-19 19:00:00,0.04519,0.04717,0.03911,0.04434,87249.24,2017-12-19 22:59:59,3735.1447384,374,15091.44,658.9059874,"RCNBNB"
2017-12-19 23:00:00,0.04434,0.04703,0.04301,0.04451,40610.63,2017-12-20 02:59:59,1832.0828524,123,24400.84,1111.0526266,"RCNBNB"
2017-12-20 03:00:00,0.04432,0.04543,0.043,0.04526,50515.1,2017-12-20 06:59:59,2238.5372922,102,15511.45,691.0842322,"RCNBNB"
2017-12-20 07:00:00,0.04555,0.04555,0.04318,0.04431,129442.55,2017-12-20 10:59:59,5666.4080402,237,70076.86,3091.6295529,"RCNBNB"
2017-12-20 11:00:00,0.04431,0.04578,0.04325,0.04411,51492.52,2017-12-20 14:59:59,2292.7186834,91,32771.86,1467.0039428,"RCNBNB"
2017-12-20 15:00:00,0.04498,0.046,0.04452,0.04579,18481.6,2017-12-20 18:59:59,838.5974804,72,8567.35,388.8076682,"RCNBNB"
2017-12-20 19:00:00,0.0458,0.04724,0.0445,0.0454,40951.43,2017-12-20 22:59:59,1846.3938052,102,15057.51,681.0469575,"RCNBNB"
2017-12-20 23:00:00,0.0454,0.04781,0.04295,0.04295,59592.7,2017-12-21 02:59:59,2630.8982839,137,5898.25,269.4407566,"RCNBNB"
2017-12-21 03:00:00,0.04295,0.04599,0.04171,0.04442,52407.97,2017-12-21 06:59:59,2325.6485372,89,11362.34,504.1589875,"RCNBNB"
2017-12-21 07:00:00,0.04442,0.04966,0.04388,0.04639,74289.2,2017-12-21 10:59:59,3486.51574,203,32698.45,1518.1089182,"RCNBNB"
2017-12-21 11:00:00,0.04639,0.04754,0.04391,0.04482,10164.27,2017-12-21 14:59:59,467.1688099,57,1653.64,76.8946776,"RCNBNB"
2017-12-21 15:00:00,0.04483,0.04568,0.04399,0.04482,19556.85,2017-12-21 18:59:59,870.8063409,48,7118.48,318.1343008,"RCNBNB"
2017-12-21 19:00:00,0.04486,0.04538,0.0401,0.041,422524.82,2017-12-21 22:59:59,17508.3809074,192,37892.78,1540.5079528,"RCNBNB"
2017-12-21 23:00:00,0.04099,0.04323,0.03634,0.04024,570551.61,2017-12-22 02:59:59,22423.7446491,258,18210.62,744.8161077,"RCNBNB"
2017-12-22 03:00:00,0.04183,0.04266,0.04,0.04052,46659.83,2017-12-22 06:59:59,1918.2309794,79,19690.62,811.5785985,"RCNBNB"
2017-12-22 07:00:00,0.04066,0.04162,0.0375,0.0406,303785.75,2017-12-22 10:59:59,11962.7513837,184,27089.39,1079.2428082,"RCNBNB"
2017-12-22 11:00:00,0.0406,0.045,0.0406,0.04459,25744.11,2017-12-22 14:59:59,1106.5085705,68,13354.73,573.4269856,"RCNBNB"
2017-12-22 15:00:00,0.04492,0.04498,0.04005,0.04103,118054.68,2017-12-22 18:59:59,4920.9841189,118,19920.04,835.4278897,"RCNBNB"
2017-12-22 19:00:00,0.04103,0.04408,0.04039,0.04407,34386.16,2017-12-22 22:59:59,1436.725335,100,18520.15,775.4968589,"RCNBNB"
2017-12-22 23:00:00,0.04312,0.04348,0.03859,0.04183,43801.14,2017-12-23 02:59:59,1806.5145396,103,19750.75,813.5530833,"RCNBNB"
2017-12-23 03:00:00,0.04176,0.04438,0.04006,0.04438,47028.61,2017-12-23 06:59:59,1975.6751631,109,36234.15,1523.2941258,"RCNBNB"
2017-12-23 07:00:00,0.04354,0.0438,0.0415,0.04289,46356.19,2017-12-23 10:59:59,1980.7631543,106,27932.25,1193.2381759,"RCNBNB"
2017-12-23 11:00:00,0.04288,0.04755,0.04242,0.04755,42616.99,2017-12-23 14:59:59,1887.4214709,109,32690.7,1451.6306197,"RCNBNB"
2017-12-23 15:00:00,0.04681,0.04754,0.04372,0.0452,13510.08,2017-12-23 18:59:59,626.1563035,53,5580.56,260.1781815,"RCNBNB"
2017-12-23 19:00:00,0.04528,0.0454,0.0424,0.04391,37211.23,2017-12-23 22:59:59,1630.4650997,91,26727.95,1177.9116952,"RCNBNB"
2017-12-23 23:00:00,0.04493,0.055,0.04423,0.05047,53489.92,2017-12-24 02:59:59,2732.0047815,152,22994.88,1159.4758791,"RCNBNB"
2017-12-24 03:00:00,0.04997,0.05205,0.04376,0.0441,119570.66,2017-12-24 06:59:59,6039.4833241,254,6693.62,321.6677066,"RCNBNB"
2017-12-24 07:00:00,0.04529,0.04662,0.0407,0.04611,96076.26,2017-12-24 10:59:59,4285.747088,275,64466.34,2890.7242596,"RCNBNB"
2017-12-24 11:00:00,0.04579,0.05162,0.04483,0.05,71375.59,2017-12-24 14:59:59,3359.3993199,166,11747.93,568.3445936,"RCNBNB"
2017-12-24 15:00:00,0.04997,0.05187,0.04608,0.04986,45209.29,2017-12-24 18:59:59,2182.1440246,140,28276.69,1358.1072726,"RCNBNB"
2017-12-24 19:00:00,0.04954,0.04961,0.04504,0.04684,48607.07,2017-12-24 22:59:59,2285.6613977,145,28441.84,1335.3819838,"RCNBNB"
2017-12-24 23:00:00,0.04684,0.059,0.04675,0.05276,232367.6,2017-12-25 02:59:59,12717.9512585,533,97510.24,5388.0018485,"RCNBNB"
2017-12-25 03:00:00,0.05298,0.0618,0.04973,0.05625,163477.19,2017-12-25 06:59:59,9365.5810881,579,86623.68,4948.5486574,"RCNBNB"
2017-12-25 07:00:00,0.05634,0.05931,0.05018,0.0503,127709.99,2017-12-25 10:59:59,6815.1777471,491,66651.41,3552.549503,"RCNBNB"
2017-12-25 11:00:00,0.05025,0.05346,0.04743,0.05346,36691.7,2017-12-25 14:59:59,1853.0888604,264,22584.95,1147.7494535,"RCNBNB"
2017-12-25 15:00:00,0.05346,0.0589,0.05248,0.05889,51647.01,2017-12-25 18:59:59,2869.6775533,192,29269.57,1630.7135945,"RCNBNB"
2017-12-25 19:00:00,0.05889,0.06362,0.05518,0.05773,148066.57,2017-12-25 22:59:59,8824.7599748,621,66286.08,3956.8787548,"RCNBNB"
2017-12-25 23:00:00,0.0572,0.05887,0.04487,0.05684,295300.45,2017-12-26 02:59:59,14969.3013961,757,168701.15,8427.1175535,"RCNBNB"
2017-12-26 03:00:00,0.05722,0.05887,0.04902,0.05065,95685.73,2017-12-26 06:59:59,5057.6765938,282,33400.3,1773.8651161,"RCNBNB"
2017-12-26 07:00:00,0.05047,0.05443,0.0454,0.0454,59346.37,2017-12-26 10:59:59,2968.5114252,205,40843.69,2058.1860196,"RCNBNB"
2017-12-26 11:00:00,0.04588,0.04869,0.03812,0.04141,231306.92,2017-12-26 14:59:59,9553.3936023,578,70270.43,3003.0777951,"RCNBNB"
2017-12-26 15:00:00,0.04092,0.04499,0.03848,0.04324,83544.26,2017-12-26 18:59:59,3522.8428008,333,46975.96,1988.1707236,"RCNBNB"
2017-12-26 19:00:00,0.04324,0.04328,0.0366,0.03848,72810.22,2017-12-26 22:59:59,2888.1660615,307,28392.77,1113.6242968,"RCNBNB"
2017-12-26 23:00:00,0.03752,0.0391,0.03151,0.03644,355613.58,2017-12-27 02:59:59,12765.9462728,340,18460.6,631.1578374,"RCNBNB"
2017-12-27 03:00:00,0.03645,0.03937,0.03631,0.03773,373947.83,2017-12-27 06:59:59,13965.0471297,240,10769.65,405.1009472,"RCNBNB"
2017-12-27 07:00:00,0.03773,0.04266,0.03635,0.04215,24423.26,2017-12-27 10:59:59,973.9849414,121,6177.04,244.0148649,"RCNBNB"
2017-12-27 11:00:00,0.04212,0.04398,0.04,0.04397,27285.46,2017-12-27 14:59:59,1144.1736473,155,16006.66,681.6693065,"RCNBNB"
2017-12-27 15:00:00,0.04352,0.04397,0.03777,0.03887,11279.14,2017-12-27 18:59:59,457.2557922,99,5755.81,228.003633,"RCNBNB"
2017-12-27 19:00:00,0.03887,0.03919,0.032,0.0365,153166.75,2017-12-27 22:59:59,5617.9361878,332,87437.85,3264.2905846,"RCNBNB"
2017-12-27 23:00:00,0.03617,0.03985,0.03566,0.03985,38014.65,2017-12-28 02:59:59,1452.8103299,131,23566.03,903.901641,"RCNBNB"
2017-12-28 03:00:00,0.04037,0.04052,0.0362,0.03762,121195.88,2017-12-28 06:59:59,4501.1069639,146,44194.59,1660.3893552,"RCNBNB"
2017-12-28 07:00:00,0.03749,0.04434,0.03671,0.04373,47635.03,2017-12-28 10:59:59,1936.5588518,123,28793.53,1167.238666,"RCNBNB"
2017-12-28 11:00:00,0.0426,0.04646,0.04045,0.04144,56689.05,2017-12-28 14:59:59,2488.9555059,176,27284.76,1183.5607678,"RCNBNB"
2017-12-28 15:00:00,0.04091,0.0456,0.04091,0.0414,22144.37,2017-12-28 18:59:59,966.2412559,91,4917.28,217.5559941,"RCNBNB"
2017-12-28 19:00:00,0.04091,0.04606,0.03905,0.04606,41929.53,2017-12-28 22:59:59,1741.3272059,151,25096.78,1053.0294576,"RCNBNB"
2017-12-28 23:00:00,0.04502,0.0545,0.04431,0.05227,116158.22,2017-12-29 02:59:59,5727.9162853,353,82496.06,4062.1830602,"RCNBNB"
2017-12-29 03:00:00,0.05276,0.0545,0.04803,0.05101,74769.58,2017-12-29 06:59:59,3899.7028014,369,36683.17,1919.3729098,"RCNBNB"
2017-12-29 07:00:00,0.05096,0.05205,0.04677,0.0479,38533.15,2017-12-29 10:59:59,1906.2601536,171,15651.73,774.1095262,"RCNBNB"
2017-12-29 11:00:00,0.04677,0.05141,0.04541,0.04952,49735.56,2017-12-29 14:59:59,2391.327196,165,26125.03,1258.3511391,"RCNBNB"
2017-12-29 15:00:00,0.04914,0.04987,0.04278,0.04794,52056.83,2017-12-29 18:59:59,2461.3603066,402,24962.38,1164.8085653,"RCNBNB"
2017-12-29 19:00:00,0.04794,0.04811,0.04224,0.0437,35513.11,2017-12-29 22:59:59,1590.6891631,164,10432.91,465.3900138,"RCNBNB"
2017-12-29 23:00:00,0.0449,0.0498,0.04446,0.04606,54719.06,2017-12-30 02:59:59,2630.8161864,186,32594.97,1574.7361499,"RCNBNB"
2017-12-30 03:00:00,0.04606,0.04873,0.045,0.04685,39174.2,2017-12-30 06:59:59,1831.7021643,152,16622.22,791.8397754,"RCNBNB"
2017-12-30 07:00:00,0.04685,0.0472,0.04371,0.04583,23825.48,2017-12-30 10:59:59,1077.6222418,104,11008.22,500.0287001,"RCNBNB"
2017-12-30 11:00:00,0.04583,0.0475,0.04429,0.0475,26881.25,2017-12-30 14:59:59,1247.6334068,104,13799.2,645.0548802,"RCNBNB"
2017-12-30 15:00:00,0.047,0.04994,0.04543,0.04543,50912.88,2017-12-30 18:59:59,2481.2878461,110,26220.82,1288.6565228,"RCNBNB"
2017-12-30 19:00:00,0.0455,0.0455,0.04162,0.043,81750.82,2017-12-30 22:59:59,3526.6934597,165,9442.04,404.4946985,"RCNBNB"
2017-12-30 23:00:00,0.04283,0.04862,0.04228,0.04644,41034.79,2017-12-31 02:59:59,1865.578039,209,19146.85,874.7367654,"RCNBNB"
2017-12-31 03:00:00,0.04644,0.04673,0.0426,0.04389,50309.76,2017-12-31 06:59:59,2230.2392689,176,15341.07,678.1617292,"RCNBNB"
2017-12-31 07:00:00,0.04404,0.0465,0.0426,0.04428,42040.46,2017-12-31 10:59:59,1841.5444195,200,19444.36,859.5458199,"RCNBNB"
2017-12-31 11:00:00,0.04438,0.04528,0.04282,0.04415,25250.24,2017-12-31 14:59:59,1129.2575711,142,5077.95,227.125608,"RCNBNB"
2017-12-31 15:00:00,0.04415,0.04451,0.04273,0.04374,2195.18,2017-12-31 18:59:59,96.3364697,77,1266.75,55.6491837,"RCNBNB"
2017-12-31 19:00:00,0.04374,0.04511,0.0422,0.04319,30279.49,2017-12-31 22:59:59,1289.2308439,110,12682.19,539.1672192,"RCNBNB"
2017-12-31 23:00:00,0.04301,0.04378,0.04183,0.04324,13742.54,2018-01-01 02:59:59,588.6813066,127,7798.09,334.1799915,"RCNBNB"
2018-01-01 03:00:00,0.04324,0.04478,0.04259,0.04354,39857.9,2018-01-01 06:59:59,1736.5920776,176,30029.59,1306.1669398,"RCNBNB"
2018-01-01 07:00:00,0.0437,0.0451,0.04302,0.0451,15424.58,2018-01-01 10:59:59,683.652639,135,7092.92,316.7821637,"RCNBNB"
2018-01-01 11:00:00,0.04486,0.04757,0.0444,0.04555,39556.52,2018-01-01 14:59:59,1835.5460004,279,11156.98,513.2313765,"RCNBNB"
2018-01-01 15:00:00,0.0457,0.04606,0.0424,0.0435,11097.55,2018-01-01 18:59:59,501.1227765,137,3562.5,161.6138649,"RCNBNB"
2018-01-01 19:00:00,0.04371,0.04486,0.04203,0.04366,57529.83,2018-01-01 22:59:59,2470.5056351,300,42353.98,1816.4659256,"RCNBNB"
2018-01-01 23:00:00,0.04366,0.04541,0.04315,0.045,12927.97,2018-01-02 02:59:59,569.3108078,112,5096.64,226.8082197,"RCNBNB"
2018-01-02 03:00:00,0.0452,0.04719,0.044,0.04538,16316.67,2018-01-02 06:59:59,744.8193251,208,6335.91,291.1496981,"RCNBNB"
2018-01-02 07:00:00,0.04538,0.0493,0.04456,0.04859,41677.89,2018-01-02 10:59:59,1952.4383322,337,26913.96,1262.9636286,"RCNBNB"
2018-01-02 11:00:00,0.04852,0.04852,0.0417,0.04316,54214.79,2018-01-02 14:59:59,2441.5523331,367,26563.7,1204.6350279,"RCNBNB"
2018-01-02 15:00:00,0.04316,0.04503,0.041,0.04361,11930.28,2018-01-02 18:59:59,512.4871039,336,5838.74,251.4637564,"RCNBNB"
2018-01-02 19:00:00,0.04378,0.048,0.04231,0.04307,29003.14,2018-01-02 22:59:59,1286.2585676,373,11284.74,506.434878,"RCNBNB"
2018-01-02 23:00:00,0.04287,0.04509,0.04262,0.04335,17430.09,2018-01-03 02:59:59,765.85082,139,11115.03,486.8386604,"RCNBNB"
2018-01-03 03:00:00,0.04335,0.04485,0.04,0.04265,30674.29,2018-01-03 06:59:59,1279.8118809,210,19082.34,791.6971119,"RCNBNB"
2018-01-03 07:00:00,0.04243,0.0458,0.04221,0.0458,41694.05,2018-01-03 10:59:59,1808.1425317,210,12135.87,530.971852,"RCNBNB"
2018-01-03 11:00:00,0.04553,0.05141,0.04457,0.04948,53592.35,2018-01-03 14:59:59,2549.0981416,325,33704.36,1607.5966624,"RCNBNB"
2018-01-03 15:00:00,0.04948,0.04977,0.04345,0.04399,44759.3,2018-01-03 18:59:59,2095.8017065,253,14747.21,691.2747957,"RCNBNB"
2018-01-03 19:00:00,0.0439,0.0491,0.04234,0.0433,66666.12,2018-01-03 22:00:15,2972.3615094,342,17898.55,805.5454661,"RCNBNB"
2018-01-03 23:00:00,0.04362,0.05799,0.043,0.05172,168412.27,2018-01-04 02:59:59,9358.0951398,498,129907.99,7260.9252312,"RCNBNB"
2018-01-04 03:00:00,0.05193,0.05193,0.04555,0.05104,66975.59,2018-01-04 06:59:59,3349.415715,392,22422.1,1117.7300394,"RCNBNB"
2018-01-04 07:00:00,0.0512,0.05386,0.04934,0.05,40954.02,2018-01-04 10:59:59,2137.1829444,295,13768.1,716.178492,"RCNBNB"
2018-01-04 11:00:00,0.05036,0.05529,0.04895,0.05202,34720.43,2018-01-04 14:59:59,1793.7443565,332,16160.78,839.8795464,"RCNBNB"
2018-01-04 15:00:00,0.05216,0.05236,0.04555,0.04943,133478.6,2018-01-04 18:59:59,6656.7369322,527,64183.22,3224.290224,"RCNBNB"
2018-01-04 19:00:00,0.04921,0.05424,0.04806,0.04869,283007.39,2018-01-04 22:59:59,15208.4245525,433,261829.77,14134.8083039,"RCNBNB"
2018-01-04 23:00:00,0.04869,0.05437,0.04411,0.0476,94702.33,2018-01-05 02:59:59,4634.5885068,316,38316.46,1909.2045823,"RCNBNB"
2018-01-05 03:00:00,0.04757,0.04757,0.03295,0.0343,109281.12,2018-01-05 06:59:59,4053.7730967,353,29673.46,1162.1156679,"RCNBNB"
2018-01-05 07:00:00,0.0343,0.03821,0.0297,0.03234,106695.54,2018-01-05 10:59:59,3588.2727816,392,37070.51,1227.3735619,"RCNBNB"
2018-01-05 11:00:00,0.03234,0.03478,0.02864,0.0312,98803.81,2018-01-05 14:59:59,3145.0984331,288,38406.16,1221.1890751,"RCNBNB"
2018-01-05 15:00:00,0.03141,0.03321,0.02464,0.02637,70872.96,2018-01-05 18:59:59,1959.6334431,196,37873.91,1056.9512084,"RCNBNB"
2018-01-05 19:00:00,0.0265,0.0266,0.01913,0.02415,117268.1,2018-01-05 22:59:59,2714.3206585,309,29214.13,683.8114137,"RCNBNB"
2018-01-05 23:00:00,0.02415,0.02802,0.02307,0.0274,95659.33,2018-01-06 02:59:59,2462.7255457,129,77937.73,2004.0982567,"RCNBNB"
2018-01-06 03:00:00,0.0274,0.02843,0.025,0.02666,66182.94,2018-01-06 06:59:59,1767.8249643,192,18961.26,504.2844771,"RCNBNB"
2018-01-06 07:00:00,0.02694,0.02706,0.02136,0.0223,70011.41,2018-01-06 10:59:59,1675.915125,184,32564.74,799.3321243,"RCNBNB"
2018-01-06 11:00:00,0.02318,0.025,0.0182,0.01995,223597.24,2018-01-06 14:59:59,4886.6863207,330,62006.44,1394.4697869,"RCNBNB"
2018-01-06 15:00:00,0.02075,0.02075,0.01759,0.01905,797220.19,2018-01-06 18:59:59,15096.1987073,753,14921.54,285.0885421,"RCNBNB"
2018-01-06 19:00:00,0.01847,0.02205,0.01812,0.02133,52637.01,2018-01-06 22:59:59,1042.8931221,149,30989.28,617.1958568,"RCNBNB"
2018-01-06 23:00:00,0.02045,0.02403,0.01909,0.02309,83369.27,2018-01-07 02:59:59,1861.475838,139,23473.33,522.3903621,"RCNBNB"
2018-01-07 03:00:00,0.02335,0.02344,0.02074,0.02074,60698.16,2018-01-07 06:59:59,1364.5971958,93,10603.54,241.9156454,"RCNBNB"
2018-01-07 07:00:00,0.02173,0.02357,0.01986,0.02252,60006.43,2018-01-07 10:59:59,1295.4956761,139,46280.72,998.6065659,"RCNBNB"
2018-01-07 11:00:00,0.02252,0.0236,0.02192,0.02278,66544.71,2018-01-07 14:59:59,1527.6514704,163,38651.06,888.5981333,"RCNBNB"
2018-01-07 15:00:00,0.02346,0.02491,0.02202,0.0248,79207.44,2018-01-07 18:59:59,1867.0957615,188,44640.81,1055.8624332,"RCNBNB"
2018-01-07 19:00:00,0.02437,0.027,0.02306,0.026,162419.26,2018-01-07 22:59:59,4092.6947227,247,52990.43,1351.6663892,"RCNBNB"
2018-01-07 23:00:00,0.02597,0.02715,0.02415,0.02461,63617.18,2018-01-08 02:59:59,1641.1080844,165,35280.73,914.1699411,"RCNBNB"
2018-01-08 03:00:00,0.02492,0.0258,0.02204,0.02359,64500.43,2018-01-08 06:59:59,1561.4949013,164,26925.95,659.2457527,"RCNBNB"
2018-01-08 07:00:00,0.02317,0.024,0.02081,0.02342,122987.65,2018-01-08 10:59:59,2820.5116933,180,80569.5,1851.3230484,"RCNBNB"
2018-01-08 11:00:00,0.02342,0.02387,0.02196,0.02196,31083.06,2018-01-08 14:59:59,715.4802152,105,10192.41,236.207028,"RCNBNB"
2018-01-08 15:00:00,0.02247,0.02451,0.0217,0.02451,26933.2,2018-01-08 18:59:59,605.7007356,117,19387.87,436.3017007,"RCNBNB"
2018-01-08 19:00:00,0.0245,0.02451,0.02097,0.02242,38528.4,2018-01-08 22:59:59,857.4963825,160,16904.56,377.7850379,"RCNBNB"
2018-01-08 23:00:00,0.02235,0.0263,0.02105,0.0218,55493.36,2018-01-09 02:59:59,1233.1764757,195,22092.29,502.872319,"RCNBNB"
2018-01-09 03:00:00,0.0218,0.02323,0.0213,0.02262,93266.68,2018-01-09 06:59:59,2087.2305947,121,20242.08,458.0241714,"RCNBNB"
2018-01-09 07:00:00,0.02274,0.02465,0.02273,0.02362,34722.93,2018-01-09 10:59:59,817.7725434,118,15231.25,357.5239788,"RCNBNB"
2018-01-09 11:00:00,0.02449,0.02792,0.02362,0.02708,155772.26,2018-01-09 14:59:59,4100.935156,381,63501.08,1660.780559,"RCNBNB"
2018-01-09 15:00:00,0.02708,0.02743,0.0252,0.02525,81520.57,2018-01-09 18:59:59,2150.5335344,270,46276.1,1224.8997315,"RCNBNB"
2018-01-09 19:00:00,0.02639,0.03,0.02551,0.02887,432264.27,2018-01-09 22:59:59,12804.5289287,541,323350.29,9625.5693671,"RCNBNB"
2018-01-09 23:00:00,0.02887,0.02944,0.0264,0.02743,175459.51,2018-01-10 02:59:59,4820.0493202,336,60094.16,1659.9258927,"RCNBNB"
2018-01-10 03:00:00,0.0278,0.02889,0.02616,0.02724,102897.18,2018-01-10 06:59:59,2837.5058708,238,54077.97,1496.3354818,"RCNBNB"
2018-01-10 07:00:00,0.02697,0.03,0.02614,0.02914,191255.78,2018-01-10 10:59:59,5532.8840778,372,91295.07,2672.017507,"RCNBNB"
2018-01-10 11:00:00,0.02906,0.03165,0.02754,0.02973,224190.77,2018-01-10 14:59:59,6676.7155123,391,135740.41,4048.1609856,"RCNBNB"
2018-01-10 15:00:00,0.02977,0.03078,0.02799,0.02903,88006.94,2018-01-10 18:59:59,2598.0550706,236,34572.64,1011.1223296,"RCNBNB"
2018-01-10 19:00:00,0.02903,0.03064,0.0243,0.02589,121618.96,2018-01-10 22:59:59,3312.7350098,243,56431.61,1550.36971,"RCNBNB"
2018-01-10 23:00:00,0.02507,0.026,0.02215,0.02401,101760.4,2018-01-11 02:59:59,2448.8427793,230,27754.35,673.4777677,"RCNBNB"
2018-01-11 03:00:00,0.02462,0.02463,0.02059,0.0208,139088.23,2018-01-11 06:59:59,3107.826258,326,81656.91,1831.2068227,"RCNBNB"
2018-01-11 07:00:00,0.02059,0.02301,0.02003,0.02193,86737.44,2018-01-11 10:59:59,1872.7618619,274,36484.26,790.9643612,"RCNBNB"
2018-01-11 11:00:00,0.02204,0.02247,0.0195,0.01988,77188.89,2018-01-11 14:59:59,1625.977823,366,31170.36,655.3903941,"RCNBNB"
2018-01-11 15:00:00,0.02,0.02015,0.01699,0.018,121429.94,2018-01-11 18:59:59,2275.3480577,473,61249.04,1149.765731,"RCNBNB"
2018-01-11 19:00:00,0.01814,0.01859,0.01626,0.01626,181601.75,2018-01-11 22:59:59,3205.7120569,436,76920.55,1366.251055,"RCNBNB"
2018-01-11 23:00:00,0.01626,0.01854,0.01555,0.01762,181150.32,2018-01-12 02:59:59,3047.2837666,430,59519.13,997.4445215,"RCNBNB"
2018-01-12 03:00:00,0.01762,0.01943,0.01698,0.01916,83108.52,2018-01-12 06:59:59,1498.7714168,264,44484.82,807.2549122,"RCNBNB"
2018-01-12 07:00:00,0.01904,0.02097,0.01869,0.01924,126230.68,2018-01-12 10:59:59,2503.1975817,327,41216.37,806.1002583,"RCNBNB"
2018-01-12 11:00:00,0.019,0.01912,0.01667,0.01721,200402.12,2018-01-12 14:59:59,3650.7345265,318,69730.93,1214.7975849,"RCNBNB"
2018-01-12 15:00:00,0.01735,0.01898,0.01703,0.01852,24039.81,2018-01-12 18:59:59,434.4464949,135,11838.11,215.6390701,"RCNBNB"
2018-01-12 19:00:00,0.01852,0.01899,0.01741,0.01816,70457.83,2018-01-12 22:59:59,1291.2716141,222,28814.94,532.158668,"RCNBNB"
2018-01-12 23:00:00,0.01826,0.01963,0.01818,0.01907,103553.63,2018-01-13 02:59:59,1961.9059589,289,43601.36,820.6242993,"RCNBNB"
2018-01-13 03:00:00,0.01893,0.01916,0.01771,0.01771,45537.41,2018-01-13 06:59:59,842.586811,217,14690.36,272.0739593,"RCNBNB"
2018-01-13 07:00:00,0.01793,0.01916,0.00544,0.0182,258119.13,2018-01-13 10:59:59,4068.945621,326,33718.95,607.8135152,"RCNBNB"
2018-01-13 11:00:00,0.01823,0.01846,0.01721,0.01799,115909.91,2018-01-13 14:59:59,2126.4757886,182,100795.76,1854.3153378,"RCNBNB"
2018-01-13 15:00:00,0.01751,0.01848,0.01751,0.01813,30237.83,2018-01-13 18:59:59,540.2720317,108,12748.18,229.9676326,"RCNBNB"
2018-01-13 19:00:00,0.01793,0.01813,0.0166,0.0173,59948.09,2018-01-13 22:59:59,1045.2755969,115,9026.57,157.0517201,"RCNBNB"
2018-01-13 23:00:00,0.01763,0.01813,0.01668,0.01769,141637.5,2018-01-14 02:59:59,2502.963014,225,105366.69,1866.401473,"RCNBNB"
2018-01-14 03:00:00,0.018,0.02,0.018,0.01892,501221.18,2018-01-14 06:59:59,9495.6345138,512,447694.19,8462.838971,"RCNBNB"
2018-01-14 07:00:00,0.01921,0.02,0.01815,0.019,206889.89,2018-01-14 10:59:59,3953.7561302,282,174875.6,3350.7441489,"RCNBNB"
2018-01-14 11:00:00,0.019,0.01961,0.01865,0.0193,44577.12,2018-01-14 14:59:59,856.7724998,139,23836.17,460.6875088,"RCNBNB"
2018-01-14 15:00:00,0.01901,0.01983,0.01854,0.01896,42596.67,2018-01-14 18:59:59,823.4059651,142,15374.71,299.5996632,"RCNBNB"
2018-01-14 19:00:00,0.01903,0.02051,0.01814,0.01814,181977.23,2018-01-14 22:59:59,3391.495664,332,31611.86,607.472221,"RCNBNB"
2018-01-14 23:00:00,0.01814,0.01884,0.01676,0.01691,61420.77,2018-01-15 02:59:59,1106.2166503,204,20309.39,371.4444919,"RCNBNB"
2018-01-15 03:00:00,0.01692,0.02,0.01667,0.01874,47755.65,2018-01-15 06:59:59,853.3064596,161,30497.87,543.3114524,"RCNBNB"
2018-01-15 07:00:00,0.01874,0.02002,0.018,0.018,154364.74,2018-01-15 10:59:59,2974.3585941,276,87195.42,1683.1338553,"RCNBNB"
2018-01-15 11:00:00,0.01812,0.01989,0.01777,0.019,49180.58,2018-01-15 14:59:59,939.1668867,138,20573.43,394.8629481,"RCNBNB"
2018-01-15 15:00:00,0.019,0.0205,0.0185,0.01942,91230.07,2018-01-15 18:59:59,1769.0012424,164,54695.67,1062.2003528,"RCNBNB"
2018-01-15 19:00:00,0.01904,0.01993,0.0165,0.01885,119577.1,2018-01-15 22:59:59,2201.9510536,197,57121.73,1072.4190433,"RCNBNB"
2018-01-15 23:00:00,0.01857,0.01933,0.01761,0.01848,70741.94,2018-01-16 02:59:59,1309.2342833,194,30807.33,572.2103135,"RCNBNB"
2018-01-16 03:00:00,0.01848,0.02568,0.0162,0.01773,279735.8,2018-01-16 06:59:59,5207.1553893,592,141510.26,2628.1949556,"RCNBNB"
2018-01-16 07:00:00,0.01773,0.01991,0.01744,0.01862,86427.7,2018-01-16 10:59:59,1603.017652,269,46375.81,860.2609619,"RCNBNB"
2018-01-16 11:00:00,0.01897,0.01935,0.01744,0.01778,107596.92,2018-01-16 14:59:59,2016.753627,224,54067.71,1018.8528548,"RCNBNB"
2018-01-16 15:00:00,0.01778,0.02066,0.0154,0.0187,169570.26,2018-01-16 18:59:59,2923.7680062,385,73719.94,1317.8645624,"RCNBNB"
2018-01-16 19:00:00,0.01911,0.02051,0.0185,0.01937,147181.08,2018-01-16 22:59:59,2895.726355,306,62486.9,1237.2946231,"RCNBNB"
2018-01-16 23:00:00,0.01937,0.01969,0.01806,0.01904,36942.2,2018-01-17 02:59:59,701.8233873,114,29406.7,558.484534,"RCNBNB"
2018-01-17 03:00:00,0.01924,0.01981,0.01841,0.01971,422620.17,2018-01-17 06:59:59,8106.7042154,276,376439.22,7232.0056683,"RCNBNB"
2018-01-17 07:00:00,0.02019,0.02189,0.01945,0.02111,105117.79,2018-01-17 10:59:59,2158.287063,173,42121.66,874.8288057,"RCNBNB"
2018-01-17 11:00:00,0.02186,0.02479,0.0195,0.02342,249820.54,2018-01-17 14:59:59,5414.2587487,542,101623.47,2207.6496889,"RCNBNB"
2018-01-17 15:00:00,0.02302,0.0242,0.01907,0.01989,190538.34,2018-01-17 18:59:59,3945.015094,428,69363.36,1437.825576,"RCNBNB"
2018-01-17 19:00:00,0.01989,0.01999,0.01831,0.01959,65590.14,2018-01-17 22:59:59,1246.5374344,187,28112.47,535.1982281,"RCNBNB"
2018-01-17 23:00:00,0.01983,0.02031,0.01934,0.01949,76732.8,2018-01-18 02:59:59,1517.3925494,148,34368.19,684.0721811,"RCNBNB"
2018-01-18 03:00:00,0.01992,0.0204,0.01936,0.01941,15512.72,2018-01-18 06:59:59,306.2140354,85,6285.85,124.6395633,"RCNBNB"
2018-01-18 07:00:00,0.01937,0.02042,0.01901,0.02042,53377.26,2018-01-18 10:59:59,1077.2437696,123,44211.67,897.3804032,"RCNBNB"
2018-01-18 11:00:00,0.02043,0.02189,0.02002,0.02121,69400.67,2018-01-18 14:59:59,1437.0389475,222,46871.99,974.3141098,"RCNBNB"
2018-01-18 15:00:00,0.0212,0.02132,0.0199,0.0199,89384.36,2018-01-18 18:59:59,1812.0008517,194,26897.17,550.955061,"RCNBNB"
2018-01-18 19:00:00,0.01999,0.02066,0.0179,0.01813,99755.93,2018-01-18 22:59:59,1907.4800419,192,48387.21,921.6910457,"RCNBNB"
2018-01-18 23:00:00,0.01852,0.01994,0.01828,0.01961,30689.47,2018-01-19 02:59:59,591.5097933,109,15930.72,306.8549278,"RCNBNB"
2018-01-19 03:00:00,0.01959,0.01959,0.01879,0.01949,81789.12,2018-01-19 06:59:59,1559.9637504,172,55466.29,1057.5012478,"RCNBNB"
2018-01-19 07:00:00,0.01909,0.01992,0.01903,0.0195,28154.66,2018-01-19 10:59:59,546.3452637,95,11117.35,216.9441551,"RCNBNB"
2018-01-19 11:00:00,0.01989,0.02072,0.0192,0.02072,36811.64,2018-01-19 14:59:59,737.488732,124,15499.21,312.0702433,"RCNBNB"
2018-01-19 15:00:00,0.02072,0.022,0.02016,0.02024,56574.74,2018-01-19 18:59:59,1175.0456568,149,22300.41,474.4427783,"RCNBNB"
2018-01-19 19:00:00,0.02048,0.02057,0.01986,0.02041,67968.79,2018-01-19 22:59:59,1366.0726771,100,44508.14,893.8697987,"RCNBNB"
2018-01-19 23:00:00,0.02042,0.02042,0.01838,0.01901,81664.99,2018-01-20 02:59:59,1569.2401846,208,25486.67,491.2845216,"RCNBNB"
2018-01-20 03:00:00,0.019,0.02,0.01879,0.01995,72934.07,2018-01-20 06:59:59,1408.8341564,149,43370.46,835.5417967,"RCNBNB"
2018-01-20 07:00:00,0.01995,0.023,0.0195,0.02186,94373.21,2018-01-20 10:59:59,2032.983582,324,41029.54,868.6871889,"RCNBNB"
2018-01-20 11:00:00,0.02185,0.02195,0.02001,0.02034,78884.44,2018-01-20 14:59:59,1642.7393179,185,41210.64,858.2446641,"RCNBNB"
2018-01-20 15:00:00,0.02097,0.025,0.0201,0.02151,739450.49,2018-01-20 18:59:59,15823.9567107,970,339968.83,7336.3759598,"RCNBNB"
2018-01-20 19:00:00,0.02121,0.022,0.02001,0.02157,73406.67,2018-01-20 22:59:59,1522.3023112,215,25183.32,530.118505,"RCNBNB"
2018-01-20 23:00:00,0.02157,0.02187,0.02043,0.02078,67290.34,2018-01-21 02:59:59,1424.7318445,183,21197.9,450.6520409,"RCNBNB"
2018-01-21 03:00:00,0.02075,0.02157,0.0203,0.02081,23271.75,2018-01-21 06:59:59,479.939014,129,14445.68,298.4518408,"RCNBNB"
2018-01-21 07:00:00,0.02078,0.02145,0.02042,0.02096,201234.34,2018-01-21 10:59:59,4237.9263464,242,25723.56,544.7269841,"RCNBNB"
2018-01-21 11:00:00,0.021,0.02101,0.01935,0.01981,40972.57,2018-01-21 14:59:59,833.9201049,132,6932.04,140.2917005,"RCNBNB"
2018-01-21 15:00:00,0.01981,0.02047,0.01923,0.0204,22546.81,2018-01-21 18:59:59,445.7354558,103,11083.78,222.0461677,"RCNBNB"
2018-01-21 19:00:00,0.01968,0.01996,0.01922,0.01937,126255.86,2018-01-21 22:59:59,2447.245835,163,4883.42,95.4954284,"RCNBNB"
2018-01-21 23:00:00,0.01951,0.02101,0.01941,0.02033,58916.52,2018-01-22 02:59:59,1177.0003229,216,31317.62,627.3971234,"RCNBNB"
2018-01-22 03:00:00,0.02056,0.02076,0.01993,0.02023,17862.81,2018-01-22 06:59:59,362.4993383,103,9143.41,186.5556843,"RCNBNB"
2018-01-22 07:00:00,0.02035,0.02035,0.0188,0.01938,158479.9,2018-01-22 10:59:59,3159.7484933,157,105707.5,2114.0757495,"RCNBNB"
